,Song,Artist(s),year
0,El Paso,Marty Robbins,1960
1,Running Bear,Johnny Preston,1960
2,Teen Angel,Mark Dinning,1960
3,Theme from A Summer Place,Percy Faith,1960
4,Stuck on You,Elvis Presley,1960
5,Cathy's Clown,The Everly Brothers,1960
6,Everybody's Somebody's Fool,Connie Francis,1960
7,Alley Oop,Hollywood Argyles,1960
8,I'm Sorry,Brenda Lee,1960
9,Itsy Bitsy Teenie Weenie Yellow Polkadot Bikini,Brian Hyland,1960
10,It's Now or Never,Elvis Presley,1960
11,The Twist,Chubby Checker,1960
12,My Heart Has a Mind of Its Own,Connie Francis,1960
13,Mr. Custer,Larry Verne,1960
14,Save the Last Dance for Me,The Drifters,1960
15,I Want to Be Wanted,Brenda Lee,1960
16,Georgia on My Mind,Ray Charles,1960
17,Stay,Maurice Williams and the Zodiacs,1960
18,Are You Lonesome Tonight?,Elvis Presley,1960
19,Wonderland by Night,Bert Kaempfert,1961
20,Will You Love Me Tomorrow,The Shirelles,1961
21,Calcutta,Lawrence Welk,1961
22,Pony Time,Chubby Checker,1961
23,Surrender,Elvis Presley,1961
24,Blue Moon,The Marcels,1961
25,Runaway,Del Shannon,1961
26,Mother-in-Law,Ernie K-Doe,1961
27,Travelin' Man,Ricky Nelson,1961
28,Running Scared,Roy Orbison,1961
29,Moody River,Pat Boone,1961
30,Quarter to Three,Gary U.S. Bonds,1961
31,Tossin' and Turnin',Bobby Lewis,1961
32,Wooden Heart,Joe Dowell,1961
33,Michael,The Highwaymen,1961
34,Take Good Care of My Baby,Bobby Vee,1961
35,Hit the Road Jack,Ray Charles,1961
36,Runaround Sue,Dion,1961
37,Big Bad John,Jimmy Dean,1961
38,Please Mr. Postman,The Marvelettes,1961
39,The Lion Sleeps Tonight,The Tokens,1961
40,Peppermint Twist,Joey Dee and the Starliters,1962
41,Duke of Earl,Gene Chandler,1962
42,Hey! Baby,Bruce Channel,1962
43,Don't Break the Heart That Loves You,Connie Francis,1962
44,Johnny Angel,Shelley Fabares,1962
45,Good Luck Charm,Elvis Presley,1962
46,Soldier Boy,The Shirelles,1962
47,Stranger on the Shore,Mr. Acker Bilk,1962
48,I Can't Stop Loving You,Ray Charles,1962
49,The Stripper,David Rose,1962
50,Roses Are Red (My Love),Bobby Vinton,1962
51,Breaking Up Is Hard to Do,Neil Sedaka,1962
52,The Loco-Motion,Little Eva,1962
53,Sheila,Tommy Roe,1962
54,Sherry,The Four Seasons,1962
55,Monster Mash,Bobby 'Boris' Pickett & the Crypt-Kickers,1962
56,He's a Rebel,The Crystals,1962
57,Big Girls Don't Cry,The Four Seasons,1962
58,Telstar,The Tornados,1962
59,Go Away Little Girl,Steve Lawrence,1963
60,Walk Right In,The Rooftop Singers,1963
61,Hey Paula,Paul & Paula,1963
62,Walk Like a Man,The Four Seasons,1963
63,Our Day Will Come,Ruby & the Romantics,1963
64,He's So Fine,The Chiffons,1963
65,I Will Follow Him,Little Peggy March,1963
66,If You Wanna Be Happy,Jimmy Soul,1963
67,It's My Party,Lesley Gore,1963
68,Sukiyaki,Kyu Sakamoto,1963
69,Easier Said Than Done,The Essex,1963
70,Surf City,Jan and Dean,1963
71,So Much in Love,The Tymes,1963
72,Fingertips,Little Stevie Wonder,1963
73,My Boyfriend's Back,The Angels,1963
74,Blue Velvet,Bobby Vinton,1963
75,Sugar Shack,Jimmy Gilmer and the Fireballs,1963
76,Deep Purple,Nino Tempo and April Stevens,1963
77,I'm Leaving It Up to You,Dale & Grace,1963
78,Dominique,The Singing Nun,1963
79,There! I've Said It Again,Bobby Vinton,1964
80,I Want to Hold Your Hand,The Beatles,1964
81,She Loves You,The Beatles,1964
82,Can't Buy Me Love,The Beatles,1964
83,"Hello, Dolly!",Louis Armstrong,1964
84,My Guy,Mary Wells,1964
85,Love Me Do,The Beatles,1964
86,Chapel of Love,The Dixie Cups,1964
87,A World Without Love,Peter and Gordon,1964
88,I Get Around,The Beach Boys,1964
89,Rag Doll,The Four Seasons,1964
90,A Hard Day's Night,The Beatles,1964
91,Everybody Loves Somebody,Dean Martin,1964
92,Where Did Our Love Go,The Supremes,1964
93,The House of the Rising Sun,The Animals,1964
94,"Oh, Pretty Woman",Roy Orbison,1964
95,Do Wah Diddy Diddy,Manfred Mann,1964
96,Baby Love,The Supremes,1964
97,Leader of the Pack,The Shangri-Las,1964
98,Ringo,Lorne Greene,1964
99,Mr. Lonely,Bobby Vinton,1964
100,Come See About Me,The Supremes,1964
101,I Feel Fine,The Beatles,1964
102,Downtown,Petula Clark,1965
103,You've Lost That Lovin' Feelin',The Righteous Brothers,1965
104,This Diamond Ring,Gary Lewis & the Playboys,1965
105,My Girl,The Temptations,1965
106,Eight Days a Week,The Beatles,1965
107,Stop! In the Name of Love,The Supremes,1965
108,I'm Telling You Now,Freddie and the Dreamers,1965
109,Game of Love,Wayne Fontana and the Mindbenders,1965
110,"Mrs. Brown, You've Got a Lovely Daughter",Herman's Hermits,1965
111,Ticket to Ride,The Beatles,1965
112,"Help Me, Rhonda",The Beach Boys,1965
113,Back in My Arms Again,The Supremes,1965
114,I Can't Help Myself (Sugar Pie Honey Bunch),Four Tops,1965
115,Mr. Tambourine Man,The Byrds,1965
116,(I Can't Get No) Satisfaction,The Rolling Stones,1965
117,"I'm Henry VIII, I Am",Herman's Hermits,1965
118,I Got You Babe,Sonny & Cher,1965
119,Help!,The Beatles,1965
120,Eve of Destruction,Barry McGuire,1965
121,Hang On Sloopy,The McCoys,1965
122,Yesterday,The Beatles,1965
123,Get Off of My Cloud,The Rolling Stones,1965
124,I Hear a Symphony,The Supremes,1965
125,Turn! Turn! Turn! (To Everything There Is a Season),The Byrds,1965
126,Over and Over,The Dave Clark Five,1965
127,The Sound of Silence,Simon & Garfunkel,1966
128,We Can Work It Out,The Beatles,1966
129,My Love,Petula Clark,1966
130,Lightnin' Strikes,Lou Christie,1966
131,These Boots Are Made for Walkin',Nancy Sinatra,1966
132,The Ballad of the Green Berets,SSgt Barry Sadler,1966
133,(You're My) Soul and Inspiration,The Righteous Brothers,1966
134,Good Lovin',The Young Rascals,1966
135,"Monday, Monday",The Mamas & the Papas,1966
136,When a Man Loves a Woman,Percy Sledge,1966
137,Paint It Black,The Rolling Stones,1966
138,Paperback Writer,The Beatles,1966
139,Strangers in the Night,Frank Sinatra,1966
140,Hanky Panky,Tommy James and the Shondells,1966
141,Wild Thing,The Troggs,1966
142,Summer in the City,The Lovin' Spoonful,1966
143,Sunshine Superman,Donovan,1966
144,You Can't Hurry Love,The Supremes,1966
145,Cherish,The Association,1966
146,Reach Out I'll Be There,Four Tops,1966
147,96 Tears,? and the Mysterians,1966
148,Last Train to Clarksville,The Monkees,1966
149,Poor Side of Town,Johnny Rivers,1966
150,You Keep Me Hangin' On,The Supremes,1966
151,Winchester Cathedral,The New Vaudeville Band,1966
152,Good Vibrations,The Beach Boys,1966
153,I'm a Believer,The Monkees,1966
154,Kind of a Drag,The Buckinghams,1967
155,Ruby Tuesday,The Rolling Stones,1967
156,Love Is Here and Now You're Gone,The Supremes,1967
157,Penny Lane,The Beatles,1967
158,Happy Together,The Turtles,1967
159,Somethin' Stupid,Nancy Sinatra and Frank Sinatra,1967
160,The Happening,The Supremes,1967
161,Groovin',The Young Rascals,1967
162,Respect,Aretha Franklin,1967
163,Windy,The Association,1967
164,Light My Fire,The Doors,1967
165,All You Need Is Love,The Beatles,1967
166,Ode to Billie Joe,Bobbie Gentry,1967
167,The Letter,The Box Tops,1967
168,To Sir With Love,Lulu,1967
169,Incense and Peppermints,Strawberry Alarm Clock,1967
170,Daydream Believer,The Monkees,1967
171,"Hello, Goodbye",The Beatles,1967
172,Judy in Disguise (With Glasses),John Fred and His Playboy Band,1968
173,Green Tambourine,The Lemon Pipers,1968
174,Love is Blue,Paul Mauriat,1968
175,(Sittin' On) The Dock of the Bay,Otis Redding,1968
176,Honey,Bobby Goldsboro,1968
177,Tighten Up,Archie Bell & the Drells,1968
178,Mrs. Robinson,Simon & Garfunkel,1968
179,This Guy's in Love with You,Herb Alpert,1968
180,Grazing in the Grass,Hugh Masekela,1968
181,"Hello, I Love You",The Doors,1968
182,People Got to Be Free,The Rascals,1968
183,Harper Valley PTA,Jeannie C. Riley,1968
184,Hey Jude,The Beatles,1968
185,Love Child,Diana Ross & the Supremes,1968
186,I Heard It Through the Grapevine,Marvin Gaye,1968
187,Crimson and Clover,Tommy James and the Shondells,1969
188,Everyday People,Sly & the Family Stone,1969
189,Dizzy,Tommy Roe,1969
190,Aquarius/Let the Sunshine In,The 5th Dimension,1969
191,Get Back,The Beatles with Billy Preston,1969
192,Love Theme from Romeo and Juliet,Henry Mancini,1969
193,In the Year 2525,Zager and Evans,1969
194,Honky Tonk Women,The Rolling Stones,1969
195,"Sugar, Sugar",The Archies,1969
196,I Can't Get Next to You,The Temptations,1969
197,Suspicious Minds,Elvis Presley,1969
198,Wedding Bell Blues,The 5th Dimension,1969
199,"Come Together"" / ""Something",The Beatles,1969
200,Na Na Hey Hey Kiss Him Goodbye,Steam,1969
201,Leaving on a Jet Plane,"Peter, Paul and Mary",1969
202,Someday We'll Be Together,Diana Ross & the Supremes,1969
203,Raindrops Keep Fallin' on My Head,B. J. Thomas,1970
204,I Want You Back,The Jackson 5,1970
205,Venus,Shocking Blue,1970
206,"Thank You (Falettinme Be Mice Elf Agin)"" / ""Everybody Is a Star",Sly & the Family Stone,1970
207,Bridge over Troubled Water,Simon & Garfunkel,1970
208,Let It Be,The Beatles,1970
209,ABC,The Jackson 5,1970
210,"American Woman"" / ""No Sugar Tonight",The Guess Who,1970
211,Everything Is Beautiful,Ray Stevens,1970
212,"The Long and Winding Road"" / ""For You Blue",The Beatles,1970
213,The Love You Save,The Jackson 5,1970
214,Mama Told Me (Not to Come),Three Dog Night,1970
215,(They Long to Be) Close to You,The Carpenters,1970
216,Make It with You,Bread,1970
217,War,Edwin Starr,1970
218,Ain't No Mountain High Enough,Diana Ross,1970
219,Cracklin' Rosie,Neil Diamond,1970
220,I'll Be There,The Jackson 5,1970
221,I Think I Love You,The Partridge Family,1970
222,The Tears of a Clown,Smokey Robinson & the Miracles,1970
223,"My Sweet Lord"" / ""Isn't It a Pity",George Harrison,1970
224,Knock Three Times,Dawn,1971
225,One Bad Apple,The Osmonds,1971
226,Me and Bobby McGee,Janis Joplin,1971
227,Just My Imagination (Running Away with Me),The Temptations,1971
228,Joy to the World,Three Dog Night,1971
229,Brown Sugar,The Rolling Stones,1971
230,Want Ads,Honey Cone,1971
231,"It's Too Late"" / ""I Feel the Earth Move",Carole King,1971
232,Indian Reservation (The Lament of the Cherokee Reservation Indian),The Raiders,1971
233,You've Got a Friend,James Taylor,1971
234,How Can You Mend a Broken Heart,Bee Gees,1971
235,Uncle Albert/Admiral Halsey,Paul & Linda McCartney,1971
236,Go Away Little Girl,Donny Osmond,1971
237,"Maggie May"" / ""Reason to Believe",Rod Stewart,1971
238,"Gypsys, Tramps & Thieves",Cher,1971
239,Theme from Shaft,Isaac Hayes,1971
240,Family Affair,Sly and the Family Stone,1971
241,Brand New Key,Melanie,1971
242,American Pie,Don McLean,1972
243,Let's Stay Together,Al Green,1972
244,Without You,Nilsson,1972
245,Heart of Gold,Neil Young,1972
246,A Horse with No Name,America,1972
247,The First Time Ever I Saw Your Face,Roberta Flack,1972
248,Oh Girl,The Chi-Lites,1972
249,I'll Take You There,The Staple Singers,1972
250,The Candy Man,Sammy Davis Jr.,1972
251,Song Sung Blue,Neil Diamond,1972
252,Lean on Me,Bill Withers,1972
253,Alone Again (Naturally),Gilbert O'Sullivan,1972
254,Brandy (You're a Fine Girl),Looking Glass,1972
255,Black and White,Three Dog Night,1972
256,"Baby, Don't Get Hooked on Me",Mac Davis,1972
257,Ben,Michael Jackson,1972
258,My Ding-a-Ling,Chuck Berry,1972
259,I Can See Clearly Now,Johnny Nash,1972
260,Papa Was a Rollin' Stone,The Temptations,1972
261,I Am Woman,Helen Reddy,1972
262,Me and Mrs. Jones,Billy Paul,1972
263,You're So Vain,Carly Simon,1973
264,Superstition,Stevie Wonder,1973
265,Crocodile Rock,Elton John,1973
266,Killing Me Softly with His Song,Roberta Flack,1973
267,Love Train,The O'Jays,1973
268,The Night the Lights Went Out in Georgia,Vicki Lawrence,1973
269,Tie a Yellow Ribbon Round the Ole Oak Tree,Dawn featuring Tony Orlando,1973
270,You Are the Sunshine of My Life,Stevie Wonder,1973
271,Frankenstein,The Edgar Winter Group,1973
272,My Love,Paul McCartney & Wings,1973
273,Give Me Love (Give Me Peace on Earth),George Harrison,1973
274,Will It Go Round in Circles,Billy Preston,1973
275,"Bad, Bad Leroy Brown",Jim Croce,1973
276,The Morning After,Maureen McGovern,1973
277,Touch Me in the Morning,Diana Ross,1973
278,Brother Louie,Stories,1973
279,Let's Get It On,Marvin Gaye,1973
280,Delta Dawn,Helen Reddy,1973
281,We're an American Band,Grand Funk,1973
282,Half-Breed,Cher,1973
283,Angie,The Rolling Stones,1973
284,Midnight Train to Georgia,Gladys Knight & the Pips,1973
285,Keep on Truckin',Eddie Kendricks,1973
286,Photograph,Ringo Starr,1973
287,Top of the World,The Carpenters,1973
288,The Most Beautiful Girl,Charlie Rich,1973
289,Time in a Bottle,Jim Croce,1973
290,The Joker,Steve Miller Band,1974
291,Show and Tell,Al Wilson,1974
292,You're Sixteen,Ringo Starr,1974
293,The Way We Were,Barbra Streisand,1974
294,Love's Theme,Love Unlimited Orchestra,1974
295,Seasons in the Sun,Terry Jacks,1974
296,Dark Lady,Cher,1974
297,Sunshine on My Shoulders,John Denver,1974
298,Hooked on a Feeling,Blue Swede,1974
299,Bennie and the Jets,Elton John,1974
300,TSOP (The Sound of Philadelphia),MFSB and The Three Degrees,1974
301,The Loco-Motion,Grand Funk,1974
302,The Streak,Ray Stevens,1974
303,Band on the Run,Paul McCartney & Wings,1974
304,Billy Don't Be a Hero,Bo Donaldson and The Heywoods,1974
305,Sundown,Gordon Lightfoot,1974
306,Rock the Boat,The Hues Corporation,1974
307,Rock Your Baby,George McCrae,1974
308,Annie's Song,John Denver,1974
309,Feel Like Makin' Love,Roberta Flack,1974
310,The Night Chicago Died,Paper Lace,1974
311,(You're) Having My Baby,Paul Anka and Odia Coates,1974
312,I Shot the Sheriff,Eric Clapton,1974
313,"Can't Get Enough of Your Love, Babe",Barry White,1974
314,Rock Me Gently,Andy Kim,1974
315,I Honestly Love You,Olivia Newton-John,1974
316,Nothing From Nothing,Billy Preston,1974
317,Then Came You,Dionne Warwick and The Spinners,1974
318,You Haven't Done Nothin',Stevie Wonder,1974
319,You Ain't Seen Nothing Yet,Bachman-Turner Overdrive,1974
320,Whatever Gets You thru the Night,John Lennon,1974
321,I Can Help,Billy Swan,1974
322,Kung Fu Fighting,Carl Douglas,1974
323,Cat's in the Cradle,Harry Chapin,1974
324,Angie Baby,Helen Reddy,1974
325,Lucy in the Sky with Diamonds,Elton John,1975
326,Mandy,Barry Manilow,1975
327,Please Mr. Postman,The Carpenters,1975
328,Laughter in the Rain,Neil Sedaka,1975
329,Fire,Ohio Players,1975
330,You're No Good,Linda Ronstadt,1975
331,Pick Up the Pieces,Average White Band,1975
332,Best of My Love,Eagles,1975
333,Have You Never Been Mellow,Olivia Newton-John,1975
334,Black Water,The Doobie Brothers,1975
335,My Eyes Adored You,Frankie Valli,1975
336,Lady Marmalade,Labelle,1975
337,Lovin' You,Minnie Riperton,1975
338,Philadelphia Freedom,Elton John Band,1975
339,(Hey Won't You Play) Another Somebody Done Somebody Wrong Song,B. J. Thomas,1975
340,He Don't Love You (Like I Love You),Tony Orlando and Dawn,1975
341,Shining Star,"Earth, Wind & Fire",1975
342,Before the Next Teardrop Falls,Freddy Fender,1975
343,Thank God I'm a Country Boy,John Denver,1975
344,Sister Golden Hair,America,1975
345,Love Will Keep Us Together,Captain & Tennille,1975
346,Listen to What the Man Said,Wings,1975
347,The Hustle,Van McCoy and the Soul City Symphony,1975
348,One of These Nights,Eagles,1975
349,Jive Talkin',Bee Gees,1975
350,Fallin' in Love,"Hamilton, Joe Frank & Reynolds",1975
351,Get Down Tonight,KC and the Sunshine Band,1975
352,Rhinestone Cowboy,Glen Campbell,1975
353,Fame,David Bowie,1975
354,I'm Sorry,John Denver,1975
355,Bad Blood,Neil Sedaka,1975
356,Island Girl,Elton John,1975
357,That's the Way (I Like It),KC and the Sunshine Band,1975
358,"Fly, Robin, Fly",Silver Convention,1975
359,Let's Do It Again,The Staple Singers,1975
360,Saturday Night,Bay City Rollers,1976
361,Convoy,C.W. McCall,1976
362,I Write the Songs,Barry Manilow,1976
363,Theme from Mahogany (Do You Know Where You're Going To),Diana Ross,1976
364,Love Rollercoaster,Ohio Players,1976
365,50 Ways to Leave Your Lover,Paul Simon,1976
366,Theme from S.W.A.T.,Rhythm Heritage,1976
367,Love Machine,The Miracles,1976
368,"December, 1963 (Oh, What a Night)",The Four Seasons,1976
369,Disco Lady,Johnnie Taylor,1976
370,Let Your Love Flow,The Bellamy Brothers,1976
371,Welcome Back,John Sebastian,1976
372,Boogie Fever,The Sylvers,1976
373,Silly Love Songs,Wings,1976
374,Love Hangover,Diana Ross,1976
375,Afternoon Delight,Starland Vocal Band,1976
376,Kiss and Say Goodbye,The Manhattans,1976
377,Don't Go Breaking My Heart,Elton John and Kiki Dee,1976
378,You Should Be Dancing,Bee Gees,1976
379,"(Shake, Shake, Shake) Shake Your Booty",KC and the Sunshine Band,1976
380,Play That Funky Music,Wild Cherry,1976
381,A Fifth of Beethoven,Walter Murphy and the Big Apple Band,1976
382,Disco Duck,Rick Dees and His Cast of Idiots,1976
383,If You Leave Me Now,Chicago,1976
384,Rock'n Me,Steve Miller Band,1976
385,Tonight's the Night (Gonna Be Alright),Rod Stewart,1976
386,You Don't Have to Be a Star (To Be in My Show),"Marilyn McCoo and Billy Davis, Jr.",1977
387,You Make Me Feel Like Dancing,Leo Sayer,1977
388,I Wish,Stevie Wonder,1977
389,Car Wash,Rose Royce,1977
390,Torn Between Two Lovers,Mary MacGregor,1977
391,Blinded by the Light,Manfred Mann's Earth Band,1977
392,New Kid in Town,Eagles,1977
393,Evergreen (Love Theme from A Star Is Born),Barbra Streisand,1977
394,Rich Girl,Daryl Hall and John Oates,1977
395,Dancing Queen,ABBA,1977
396,Don't Give Up on Us,David Soul,1977
397,Don't Leave Me This Way,Thelma Houston,1977
398,Southern Nights,Glen Campbell,1977
399,Hotel California,Eagles,1977
400,When I Need You,Leo Sayer,1977
401,Sir Duke,Stevie Wonder,1977
402,I'm Your Boogie Man,KC and the Sunshine Band,1977
403,Dreams,Fleetwood Mac,1977
404,Got to Give It Up,Marvin Gaye,1977
405,Gonna Fly Now (Theme From Rocky),Bill Conti,1977
406,Undercover Angel,Alan O'Day,1977
407,Da Doo Ron Ron,Shaun Cassidy,1977
408,Looks Like We Made It,Barry Manilow,1977
409,I Just Want to Be Your Everything,Andy Gibb,1977
410,Best of My Love,The Emotions,1977
411,Star Wars Theme/Cantina Band,Meco,1977
412,You Light Up My Life,Debby Boone,1977
413,How Deep Is Your Love,Bee Gees,1977
414,Baby Come Back,Player,1978
415,Stayin' Alive,Bee Gees,1978
416,(Love Is) Thicker Than Water,Andy Gibb,1978
417,Night Fever,Bee Gees,1978
418,If I Can't Have You,Yvonne Elliman,1978
419,With a Little Luck,Wings,1978
420,"Too Much, Too Little, Too Late",Johnny Mathis and Deniece Williams,1978
421,You're the One That I Want,John Travolta and Olivia Newton-John,1978
422,Shadow Dancing,Andy Gibb,1978
423,Miss You,The Rolling Stones,1978
424,Three Times a Lady,Commodores,1978
425,Grease,Frankie Valli,1978
426,Boogie Oogie Oogie,A Taste of Honey,1978
427,Kiss You All Over,Exile,1978
428,Hot Child in the City,Nick Gilder,1978
429,You Needed Me,Anne Murray,1978
430,MacArthur Park,Donna Summer,1978
431,You Don't Bring Me Flowers,Barbra Streisand and Neil Diamond,1978
432,Le Freak,Chic,1978
433,Too Much Heaven,Bee Gees,1979
434,Da Ya Think I'm Sexy?,Rod Stewart,1979
435,I Will Survive,Gloria Gaynor,1979
436,Tragedy,Bee Gees,1979
437,What a Fool Believes,The Doobie Brothers,1979
438,Knock on Wood,Amii Stewart,1979
439,Heart of Glass,Blondie,1979
440,Reunited,Peaches & Herb,1979
441,Hot Stuff,Donna Summer,1979
442,Love You Inside Out,Bee Gees,1979
443,Ring My Bell,Anita Ward,1979
444,Bad Girls,Donna Summer,1979
445,Good Times,Chic,1979
446,My Sharona,The Knack,1979
447,Sad Eyes,Robert John,1979
448,Don't Stop 'Til You Get Enough,Michael Jackson,1979
449,Rise,Herb Alpert,1979
450,Pop Muzik,M,1979
451,Heartache Tonight,Eagles,1979
452,Still,Commodores,1979
453,No More Tears (Enough Is Enough),Barbra Streisand and Donna Summer,1979
454,Babe,Styx,1979
455,Escape (The Piña Colada Song),Rupert Holmes,1979
456,Please Don't Go,KC and the Sunshine Band,1980
457,Rock with You,Michael Jackson,1980
458,Do That to Me One More Time,Captain & Tennille,1980
459,Crazy Little Thing Called Love,Queen,1980
460,"Another Brick in the Wall, Part II",Pink Floyd,1980
461,Call Me,Blondie,1980
462,Funkytown,Lipps Inc.,1980
463,Coming Up,Paul McCartney,1980
464,It's Still Rock and Roll to Me,Billy Joel,1980
465,Magic,Olivia Newton-John,1980
466,Sailing,Christopher Cross,1980
467,Upside Down,Diana Ross,1980
468,Another One Bites the Dust,Queen,1980
469,Woman in Love,Barbra Streisand,1980
470,Lady,Kenny Rogers,1980
471,(Just Like) Starting Over,John Lennon,1980
472,The Tide Is High,Blondie,1981
473,Celebration,Kool & the Gang,1981
474,9 to 5,Dolly Parton,1981
475,I Love a Rainy Night,Eddie Rabbitt,1981
476,Keep On Loving You,REO Speedwagon,1981
477,Rapture,Blondie,1981
478,Kiss on My List,Daryl Hall and John Oates,1981
479,Morning Train (Nine to Five),Sheena Easton,1981
480,Bette Davis Eyes,Kim Carnes,1981
481,Stars on 45,Stars on 45,1981
482,The One That You Love,Air Supply,1981
483,Jessie's Girl,Rick Springfield,1981
484,Endless Love,Diana Ross and Lionel Richie,1981
485,Arthur's Theme (Best That You Can Do),Christopher Cross,1981
486,Private Eyes,Daryl Hall and John Oates,1981
487,Physical,Olivia Newton-John,1981
488,I Can't Go for That (No Can Do),Daryl Hall and John Oates,1982
489,Centerfold,The J. Geils Band,1982
490,I Love Rock 'n' Roll,Joan Jett and the Blackhearts,1982
491,Chariots of Fire,Vangelis,1982
492,Ebony and Ivory,Paul McCartney and Stevie Wonder,1982
493,Don't You Want Me,The Human League,1982
494,Eye of the Tiger,Survivor,1982
495,Abracadabra,Steve Miller Band,1982
496,Hard to Say I'm Sorry,Chicago,1982
497,Jack & Diane,John Cougar,1982
498,Who Can It Be Now?,Men at Work,1982
499,Up Where We Belong,Joe Cocker and Jennifer Warnes,1982
500,Truly,Lionel Richie,1982
501,Mickey,Toni Basil,1982
502,Maneater,Daryl Hall and John Oates,1982
503,Down Under,Men at Work,1983
504,Africa,Toto,1983
505,"Baby, Come to Me",Patti Austin and James Ingram,1983
506,Billie Jean,Michael Jackson,1983
507,Come On Eileen,Dexys Midnight Runners,1983
508,Beat It,Michael Jackson,1983
509,Let's Dance,David Bowie,1983
510,Flashdance... What a Feeling,Irene Cara,1983
511,Every Breath You Take,The Police,1983
512,Sweet Dreams (Are Made of This),Eurythmics,1983
513,Maniac,Michael Sembello,1983
514,Tell Her About It,Billy Joel,1983
515,Total Eclipse of the Heart,Bonnie Tyler,1983
516,Islands in the Stream,Kenny Rogers and Dolly Parton,1983
517,All Night Long (All Night),Lionel Richie,1983
518,Say Say Say,Paul McCartney and Michael Jackson,1983
519,Owner of a Lonely Heart,Yes,1984
520,Karma Chameleon,Culture Club,1984
521,Jump,Van Halen,1984
522,Footloose,Kenny Loggins,1984
523,Against All Odds (Take a Look at Me Now),Phil Collins,1984
524,Hello,Lionel Richie,1984
525,Let's Hear It for the Boy,Deniece Williams,1984
526,Time After Time,Cyndi Lauper,1984
527,The Reflex,Duran Duran,1984
528,When Doves Cry,Prince,1984
529,Ghostbusters,"Ray Parker, Jr.",1984
530,What's Love Got to Do with It,Tina Turner,1984
531,Missing You,John Waite,1984
532,Let's Go Crazy,Prince and the Revolution,1984
533,I Just Called to Say I Love You,Stevie Wonder,1984
534,Caribbean Queen (No More Love on the Run),Billy Ocean,1984
535,Wake Me Up Before You Go-Go,Wham!,1984
536,Out of Touch,Daryl Hall and John Oates,1984
537,Like a Virgin,Madonna,1984
538,I Want to Know What Love Is,Foreigner,1985
539,Careless Whisper,Wham! featuring George Michael,1985
540,Can't Fight This Feeling,REO Speedwagon,1985
541,One More Night,Phil Collins,1985
542,We Are the World,USA for Africa,1985
543,Crazy for You,Madonna,1985
544,Don't You (Forget About Me),Simple Minds,1985
545,Everything She Wants,Wham!,1985
546,Everybody Wants to Rule the World,Tears for Fears,1985
547,Heaven,Bryan Adams,1985
548,Sussudio,Phil Collins,1985
549,A View to a Kill,Duran Duran,1985
550,Everytime You Go Away,Paul Young,1985
551,Shout,Tears for Fears,1985
552,The Power of Love,Huey Lewis and the News,1985
553,St. Elmo's Fire (Man in Motion),John Parr,1985
554,Money for Nothing,Dire Straits,1985
555,Oh Sheila,Ready for the World,1985
556,Take On Me,a-ha,1985
557,Saving All My Love for You,Whitney Houston,1985
558,Part-Time Lover,Stevie Wonder,1985
559,Miami Vice Theme,Jan Hammer,1985
560,We Built This City,Starship,1985
561,Separate Lives,Phil Collins and Marilyn Martin,1985
562,Broken Wings,Mr. Mister,1985
563,"Say You, Say Me",Lionel Richie,1985
564,That's What Friends Are For,Dionne and Friends,1986
565,How Will I Know,Whitney Houston,1986
566,Kyrie,Mr. Mister,1986
567,Sara,Starship,1986
568,These Dreams,Heart,1986
569,Rock Me Amadeus,Falco,1986
570,Kiss,Prince and the Revolution,1986
571,Addicted to Love,Robert Palmer,1986
572,West End Girls,Pet Shop Boys,1986
573,Greatest Love of All,Whitney Houston,1986
574,Live to Tell,Madonna,1986
575,On My Own,Patti LaBelle and Michael McDonald,1986
576,There'll Be Sad Songs (To Make You Cry),Billy Ocean,1986
577,Holding Back the Years,Simply Red,1986
578,Invisible Touch,Genesis,1986
579,Sledgehammer,Peter Gabriel,1986
580,Glory of Love,Peter Cetera,1986
581,Papa Don't Preach,Madonna,1986
582,Higher Love,Steve Winwood,1986
583,Venus,Bananarama,1986
584,Take My Breath Away,Berlin,1986
585,Stuck with You,Huey Lewis and the News,1986
586,When I Think of You,Janet Jackson,1986
587,True Colors,Cyndi Lauper,1986
588,Amanda,Boston,1986
589,Human,The Human League,1986
590,You Give Love a Bad Name,Bon Jovi,1986
591,The Next Time I Fall,Peter Cetera and Amy Grant,1986
592,The Way It Is,Bruce Hornsby & the Range,1986
593,Walk Like an Egyptian,The Bangles,1986
594,Shake You Down,Gregory Abbott,1987
595,At This Moment,Billy Vera and the Beaters,1987
596,Open Your Heart,Madonna,1987
597,Livin' on a Prayer,Bon Jovi,1987
598,Jacob's Ladder,Huey Lewis and the News,1987
599,Lean on Me,Club Nouveau,1987
600,Nothing's Gonna Stop Us Now,Starship,1987
601,I Knew You Were Waiting (For Me),Aretha Franklin and George Michael,1987
602,(I Just) Died in Your Arms,Cutting Crew,1987
603,With or Without You,U2,1987
604,You Keep Me Hangin' On,Kim Wilde,1987
605,Always,Atlantic Starr,1987
606,Head to Toe,Lisa Lisa and Cult Jam,1987
607,I Wanna Dance with Somebody (Who Loves Me),Whitney Houston,1987
608,Alone,Heart,1987
609,Shakedown,Bob Seger,1987
610,I Still Haven't Found What I'm Looking For,U2,1987
611,Who's That Girl,Madonna,1987
612,La Bamba,Los Lobos,1987
613,I Just Can't Stop Loving You,Michael Jackson with Siedah Garrett,1987
614,Didn't We Almost Have It All,Whitney Houston,1987
615,Here I Go Again,Whitesnake,1987
616,Lost in Emotion,Lisa Lisa and Cult Jam,1987
617,Bad,Michael Jackson,1987
618,I Think We're Alone Now,Tiffany,1987
619,Mony Mony,Billy Idol,1987
620,(I've Had) The Time of My Life,Bill Medley and Jennifer Warnes,1987
621,Heaven Is a Place on Earth,Belinda Carlisle,1987
622,Faith,George Michael,1987
623,So Emotional,Whitney Houston,1988
624,Got My Mind Set on You,George Harrison,1988
625,The Way You Make Me Feel,Michael Jackson,1988
626,Need You Tonight,INXS,1988
627,Could've Been,Tiffany,1988
628,Seasons Change,Exposé,1988
629,Father Figure,George Michael,1988
630,Never Gonna Give You Up,Rick Astley,1988
631,Man in the Mirror,Michael Jackson,1988
632,"Get Outta My Dreams, Get into My Car",Billy Ocean,1988
633,Where Do Broken Hearts Go,Whitney Houston,1988
634,Wishing Well,Terence Trent D'Arby,1988
635,Anything for You,Gloria Estefan and Miami Sound Machine,1988
636,One More Try,George Michael,1988
637,Together Forever,Rick Astley,1988
638,Foolish Beat,Debbie Gibson,1988
639,Dirty Diana,Michael Jackson,1988
640,The Flame,Cheap Trick,1988
641,Hold On to the Nights,Richard Marx,1988
642,Roll With It,Steve Winwood,1988
643,Monkey,George Michael,1988
644,Sweet Child o' Mine,Guns N' Roses,1988
645,"Don't Worry, Be Happy",Bobby McFerrin,1988
646,Love Bites,Def Leppard,1988
647,Red Red Wine,UB40,1988
648,A Groovy Kind of Love,Phil Collins,1988
649,Kokomo,The Beach Boys,1988
650,"Wild, Wild West",The Escape Club,1988
651,Bad Medicine,Bon Jovi,1988
652,"Baby, I Love Your Way/Freebird Medley",Will to Power,1988
653,Look Away,Chicago,1988
654,Every Rose Has Its Thorn,Poison,1988
655,My Prerogative,Bobby Brown,1989
656,Two Hearts,Phil Collins,1989
657,When I'm with You,Sheriff,1989
658,Straight Up,Paula Abdul,1989
659,Lost in Your Eyes,Debbie Gibson,1989
660,The Living Years,Mike + the Mechanics,1989
661,Eternal Flame,The Bangles,1989
662,The Look,Roxette,1989
663,She Drives Me Crazy,Fine Young Cannibals,1989
664,Like a Prayer,Madonna,1989
665,I'll Be There for You,Bon Jovi,1989
666,Forever Your Girl,Paula Abdul,1989
667,Rock On,Michael Damian,1989
668,Wind Beneath My Wings,Bette Midler,1989
669,I'll Be Loving You (Forever),New Kids on the Block,1989
670,Satisfied,Richard Marx,1989
671,Baby Don't Forget My Number,Milli Vanilli,1989
672,Good Thing,Fine Young Cannibals,1989
673,If You Don't Know Me by Now,Simply Red,1989
674,Toy Soldiers,Martika,1989
675,Batdance,Prince,1989
676,Right Here Waiting,Richard Marx,1989
677,Cold Hearted,Paula Abdul,1989
678,Hangin' Tough,New Kids on the Block,1989
679,Don't Wanna Lose You,Gloria Estefan,1989
680,Girl I'm Gonna Miss You,Milli Vanilli,1989
681,Miss You Much,Janet Jackson,1989
682,Listen to Your Heart,Roxette,1989
683,When I See You Smile,Bad English,1989
684,Blame It on the Rain,Milli Vanilli,1989
685,We Didn't Start the Fire,Billy Joel,1989
686,Another Day in Paradise,Phil Collins,1989
687,How Am I Supposed to Live Without You,Michael Bolton,1990
688,Opposites Attract,Paula Abdul with The Wild Pair,1990
689,Escapade,Janet Jackson,1990
690,Black Velvet,Alannah Myles,1990
691,Love Will Lead You Back,Taylor Dayne,1990
692,I'll Be Your Everything,Tommy Page,1990
693,Nothing Compares 2 U,Sinéad O'Connor,1990
694,Vogue,Madonna,1990
695,Hold On,Wilson Phillips,1990
696,It Must Have Been Love,Roxette,1990
697,Step by Step,New Kids on the Block,1990
698,She Ain't Worth It,Glenn Medeiros featuring Bobby Brown,1990
699,Vision of Love,Mariah Carey,1990
700,If Wishes Came True,Sweet Sensation,1990
701,Blaze of Glory,Jon Bon Jovi,1990
702,Release Me,Wilson Phillips,1990
703,(Can't Live Without Your) Love and Affection,Nelson,1990
704,Close to You,Maxi Priest,1990
705,Praying for Time,George Michael,1990
706,I Don't Have the Heart,James Ingram,1990
707,Black Cat,Janet Jackson,1990
708,Ice Ice Baby,Vanilla Ice,1990
709,Love Takes Time,Mariah Carey,1990
710,I'm Your Baby Tonight,Whitney Houston,1990
711,Because I Love You (The Postman Song),Stevie B,1990
712,Justify My Love,Madonna,1991
713,Love Will Never Do (Without You),Janet Jackson,1991
714,The First Time,Surface,1991
715,Gonna Make You Sweat (Everybody Dance Now),C+C Music Factory featuring Freedom Williams,1991
716,All the Man That I Need,Whitney Houston,1991
717,Someday,Mariah Carey,1991
718,One More Try,Timmy T,1991
719,Coming Out of the Dark,Gloria Estefan,1991
720,I've Been Thinking About You,Londonbeat,1991
721,You're in Love,Wilson Phillips,1991
722,Baby Baby,Amy Grant,1991
723,Joyride,Roxette,1991
724,I Like the Way (The Kissing Game),Hi-Five,1991
725,I Don't Wanna Cry,Mariah Carey,1991
726,More Than Words,Extreme,1991
727,Rush Rush,Paula Abdul,1991
728,Unbelievable,EMF,1991
729,(Everything I Do) I Do It for You,Bryan Adams,1991
730,The Promise of a New Day,Paula Abdul,1991
731,I Adore Mi Amor,Color Me Badd,1991
732,Good Vibrations,Marky Mark and the Funky Bunch featuring Loleatta Holloway,1991
733,Emotions,Mariah Carey,1991
734,Romantic,Karyn White,1991
735,Cream,Prince and the New Power Generation,1991
736,When a Man Loves a Woman,Michael Bolton,1991
737,Set Adrift on Memory Bliss,P.M. Dawn,1991
738,Black or White,Michael Jackson,1991
739,All 4 Love,Color Me Badd,1992
740,Don't Let the Sun Go Down on Me,George Michael and Elton John,1992
741,I'm Too Sexy,Right Said Fred,1992
742,To Be with You,Mr. Big,1992
743,Save the Best for Last,Vanessa Williams,1992
744,Jump,Kris Kross,1992
745,I'll Be There,Mariah Carey featuring Trey Lorenz,1992
746,Baby Got Back,Sir Mix-a-Lot,1992
747,This Used to Be My Playground,Madonna,1992
748,End of the Road,Boyz II Men,1992
749,How Do You Talk to an Angel,The Heights,1992
750,I Will Always Love You,Whitney Houston,1992
751,A Whole New World,Peabo Bryson and Regina Belle,1993
752,Informer,Snow,1993
753,Freak Me,Silk,1993
754,That's the Way Love Goes,Janet Jackson,1993
755,Weak,SWV,1993
756,Can't Help Falling in Love,UB40,1993
757,Dreamlover,Mariah Carey,1993
758,I'd Do Anything for Love (But I Won't Do That),Meat Loaf,1993
759,Again,Janet Jackson,1993
760,Hero,Mariah Carey,1993
761,All for Love,Bryan Adams / Rod Stewart / Sting,1994
762,The Power of Love,Céline Dion,1994
763,The Sign,Ace of Base,1994
764,Bump n' Grind,R. Kelly,1994
765,I Swear,All-4-One,1994
766,Stay (I Missed You),Lisa Loeb & Nine Stories,1994
767,I'll Make Love to You,Boyz II Men,1994
768,On Bended Knee,Boyz II Men,1994
769,Here Comes the Hotstepper,Ini Kamoze,1994
770,Creep,TLC,1995
771,Take a Bow,Madonna,1995
772,This Is How We Do It,Montell Jordan,1995
773,Have You Ever Really Loved a Woman?,Bryan Adams,1995
774,Waterfalls,TLC,1995
775,Kiss from a Rose,Seal,1995
776,You Are Not Alone,Michael Jackson,1995
777,Gangsta's Paradise,Coolio featuring L.V.,1995
778,Fantasy,Mariah Carey,1995
779,Exhale (Shoop Shoop),Whitney Houston,1995
780,One Sweet Day,Mariah Carey and Boyz II Men,1995
781,Because You Loved Me,Céline Dion,1996
782,Always Be My Baby,Mariah Carey,1996
783,Tha Crossroads,Bone Thugs-n-Harmony,1996
784,"How Do U Want It"" / ""California Love",2Pac featuring K-Ci & JoJo / featuring Dr. Dre and Roger Troutman,1996
785,"You're Makin' Me High"" / ""Let It Flow",Toni Braxton,1996
786,"Macarena"" (Bayside Boys Mix)",Los del Río,1996
787,No Diggity,Blackstreet featuring Dr. Dre,1996
788,Un-Break My Heart,Toni Braxton,1996
789,Wannabe,Spice Girls,1997
790,Can't Nobody Hold Me Down,Puff Daddy featuring Mase,1997
791,Hypnotize,The Notorious B.I.G.,1997
792,MMMBop,Hanson,1997
793,I'll Be Missing You,Puff Daddy and Faith Evans featuring 112,1997
794,Mo Money Mo Problems,The Notorious B.I.G. featuring Puff Daddy and Mase,1997
795,Honey,Mariah Carey,1997
796,4 Seasons of Loneliness,Boyz II Men,1997
797,"Candle in the Wind 1997"" /""Something About the Way You Look Tonight",Elton John,1997
798,"Something About the Way You Look Tonight"" / ""Candle in the Wind 1997",Elton John,1998
799,Truly Madly Deeply,Savage Garden,1998
800,Together Again,Janet,1998
801,Nice & Slow,Usher,1998
802,My Heart Will Go On,Céline Dion,1998
803,Gettin' Jiggy wit It”,Will Smith,1998
804,All My Life,K-Ci & JoJo,1998
805,Too Close,Next,1998
806,My All,Mariah Carey,1998
807,The Boy Is Mine,Brandy and Monica,1998
808,I Don't Want to Miss a Thing,Aerosmith,1998
809,The First Night,Monica,1998
810,One Week,Barenaked Ladies,1998
811,Doo Wop (That Thing),Lauryn Hill,1998
812,Lately,Divine,1998
813,I'm Your Angel,R. Kelly and Céline Dion,1998
814,Have You Ever?,Brandy,1999
815,...Baby One More Time,Britney Spears,1999
816,Angel of Mine,Monica,1999
817,Believe,Cher,1999
818,No Scrubs,TLC,1999
819,Livin' la Vida Loca,Ricky Martin,1999
820,If You Had My Love,Jennifer Lopez,1999
821,"Bills, Bills, Bills",Destiny's Child,1999
822,Wild Wild West,Will Smith featuring Dru Hill and Kool Moe Dee,1999
823,Genie in a Bottle,Christina Aguilera,1999
824,Bailamos,Enrique Iglesias,1999
825,Unpretty,TLC,1999
826,Heartbreaker,Mariah Carey featuring Jay-Z,1999
827,Smooth,Santana featuring Rob Thomas,1999
